{
  "epsilon": 2.0,
  "num_runs": 100,
  "L_inf_summary": {
    "max": 0.08185574513015903,
    "min": 0.0015380761774128615,
    "5%": 0.0022702185251277734,
    "50%": 0.014152813627755417,
    "95%": 0.05364714214600566
  },
  "IOU_summary": {
    "max": 1.0,
    "min": 0.6666666666666666,
    "5%": 0.9833333333333334,
    "50%": 1.0,
    "95%": 1.0
  }
}