{
  "epsilon": 2.0,
  "delta": 1e-06,
  "num_runs": 100,
  "L_inf_summary": {
    "max": 0.1986642976189149,
    "min": 0.004744341930686402,
    "5%": 0.011932613592191485,
    "50%": 0.055517518325106846,
    "95%": 0.13158435714728817
  },
  "IOU_summary": {
    "max": 1.0,
    "min": 0.6666666666666666,
    "5%": 0.6666666666666666,
    "50%": 1.0,
    "95%": 1.0
  }
}