Product Type,U_total,U_error,error_rate_true,z_true,U_total_noisy,U_error_noisy,error_rate_dp,z_dp
A,20802,114,0.0054802422843957315,-0.8984597890112666,20802.793878642642,114.84893262050548,0.005520841733591182,-0.9072689646463576
B,34541,674,0.01951304247126603,-0.39658568028895275,34540.869614373696,672.6383095269534,0.019473693541492205,-0.4067028927103297
C,25658,36,0.0014030711668875204,-1.0442772020335322,25659.263000634397,35.89549675654726,0.0013989293751601433,-1.0551447900712378
D,27495,2430,0.088379705400982,2.0663864007123363,27495.502090648515,2429.701049406864,0.0883672188053343,2.0648894238954294
E,1410,26,0.018439716312056736,-0.4349725027583211,1408.330571585959,27.920934497383232,0.019825554497436434,-0.39407969144584537
F,13576,680,0.05008839127872716,0.6969220820446012,13579.02094143664,680.3392985631477,0.05010223502101536,0.692112525715661
Others,13750,425,0.03090909090909091,0.010986691335135646,13750.73872924455,426.03711245431487,0.03098285269199649,0.0061943892626796495
