Product Type,Error Count,Total Count,Error Rate,Error Rate Z-Score
D,2718,30531,0.0890242704136779,2.0573611965647913
F,769,15064,0.05104885820499203,0.7107297274869464
Others,477,15289,0.031198901170776377,0.006838044752189356
B,767,38325,0.020013046314416177,-0.38981924695369424
E,30,1581,0.018975332068311195,-0.4266172322404935
A,125,23096,0.005412192587461033,-0.9075744985905199
C,39,28470,0.0013698630136986301,-1.0509179910192188
